open_time,open_datetime,open,high,low,close,volume
1780364700000,2026-06-01 21:45:00,70960.01,70960.01,70607.57,70652.47,233.62853
1780365600000,2026-06-01 22:00:00,70652.47,70724.01,70111.0,70346.64,728.21875
1780366500000,2026-06-01 22:15:00,70346.64,70822.0,70157.8,70807.51,334.68591
1780367400000,2026-06-01 22:30:00,70807.51,70880.63,70581.18,70599.26,140.32651
1780368300000,2026-06-01 22:45:00,70599.26,70846.65,70583.0,70846.49,116.91323
1780369200000,2026-06-01 23:00:00,70846.48,71041.04,70806.0,70901.43,143.62407
1780370100000,2026-06-01 23:15:00,70901.43,71000.11,70823.74,70958.0,90.0591
1780371000000,2026-06-01 23:30:00,70958.0,71004.72,70914.0,70989.26,132.25847
1780371900000,2026-06-01 23:45:00,70989.27,71014.54,70936.49,70953.69,127.00589
1780372800000,2026-06-02 00:00:00,70953.7,71013.9,70713.54,70770.81,119.47622
1780373700000,2026-06-02 00:15:00,70770.81,71028.25,70770.81,70975.89,152.32225
1780374600000,2026-06-02 00:30:00,70975.9,71048.0,70922.0,71027.34,88.51812
1780375500000,2026-06-02 00:45:00,71027.35,71027.35,70764.0,70810.0,129.05095
1780376400000,2026-06-02 01:00:00,70810.0,70847.66,70590.0,70810.01,146.51174
1780377300000,2026-06-02 01:15:00,70810.0,70814.01,70582.29,70602.61,106.8924
1780378200000,2026-06-02 01:30:00,70602.61,70723.73,70437.95,70534.91,276.95297
1780379100000,2026-06-02 01:45:00,70534.37,70534.37,70267.79,70268.96,301.7607
1780380000000,2026-06-02 02:00:00,70268.97,70442.0,70230.0,70310.01,184.65877
1780380900000,2026-06-02 02:15:00,70310.01,70393.99,70230.45,70370.19,133.1811
1780381800000,2026-06-02 02:30:00,70370.2,70424.4,70258.0,70258.0,306.17578
1780382700000,2026-06-02 02:45:00,70258.0,70335.39,69958.49,70106.31,883.13384
1780383600000,2026-06-02 03:00:00,70106.31,70166.66,69733.0,70050.38,627.02904
1780384500000,2026-06-02 03:15:00,70050.38,70275.86,69835.65,69913.99,207.9398
1780385400000,2026-06-02 03:30:00,69914.0,70257.8,69907.17,70213.38,320.43321
1780386300000,2026-06-02 03:45:00,70213.38,70218.49,70073.71,70118.42,233.39608
1780387200000,2026-06-02 04:00:00,70118.42,70172.0,69966.97,70055.01,228.20189
1780388100000,2026-06-02 04:15:00,70055.01,70088.0,69873.19,70020.0,225.22107
1780389000000,2026-06-02 04:30:00,70019.99,70080.0,69860.03,69861.75,141.86093
1780389900000,2026-06-02 04:45:00,69861.75,69943.33,69705.3,69821.99,349.36601
1780390800000,2026-06-02 05:00:00,69822.0,69849.0,69500.0,69555.96,640.14723
1780391700000,2026-06-02 05:15:00,69555.97,69628.53,69324.65,69399.1,390.01621
1780392600000,2026-06-02 05:30:00,69399.1,69566.96,69349.03,69490.01,285.48244
1780393500000,2026-06-02 05:45:00,69490.01,69524.0,69380.01,69426.01,183.57265
1780394400000,2026-06-02 06:00:00,69426.01,69756.0,69336.98,69657.99,427.21638
1780395300000,2026-06-02 06:15:00,69658.0,69724.16,69518.0,69646.01,140.01371
1780396200000,2026-06-02 06:30:00,69646.0,69673.93,69448.0,69474.0,133.95616
1780397100000,2026-06-02 06:45:00,69474.0,69690.18,69470.73,69652.19,203.68167
1780398000000,2026-06-02 07:00:00,69652.18,69659.47,69497.14,69552.0,94.8379
1780398900000,2026-06-02 07:15:00,69551.99,69566.06,69430.0,69495.99,111.05006
1780399800000,2026-06-02 07:30:00,69495.99,69531.76,69397.83,69474.0,118.95157
1780400700000,2026-06-02 07:45:00,69474.0,69607.03,69461.72,69461.72,92.75449
1780401600000,2026-06-02 08:00:00,69461.73,69548.13,69288.0,69343.99,368.78172
1780402500000,2026-06-02 08:15:00,69344.0,69439.85,69242.02,69286.03,206.6484
1780403400000,2026-06-02 08:30:00,69286.03,69286.04,69074.0,69215.51,411.1353
1780404300000,2026-06-02 08:45:00,69215.52,69250.0,68989.61,69010.42,395.6961
1780405200000,2026-06-02 09:00:00,69010.41,69180.0,68899.0,68918.81,493.40744
1780406100000,2026-06-02 09:15:00,68918.81,69100.0,68872.0,69020.0,422.89634
1780407000000,2026-06-02 09:30:00,69019.99,69106.0,68768.01,68879.76,539.78376
1780407900000,2026-06-02 09:45:00,68879.76,68980.45,68757.03,68811.91,306.74152
1780408800000,2026-06-02 10:00:00,68809.93,68836.0,68307.8,68584.0,890.88473
1780409700000,2026-06-02 10:15:00,68584.01,68584.01,67617.85,67884.28,1793.32686
1780410600000,2026-06-02 10:30:00,67884.29,68280.0,67860.0,68023.58,754.0793
1780411500000,2026-06-02 10:45:00,68023.58,68280.0,67980.66,68019.3,407.50538
1780412400000,2026-06-02 11:00:00,68019.3,68094.6,67822.0,67854.49,481.3213
1780413300000,2026-06-02 11:15:00,67854.49,67854.49,67372.61,67450.0,758.3468
1780414200000,2026-06-02 11:30:00,67450.01,67499.69,67076.0,67277.59,909.063
1780415100000,2026-06-02 11:45:00,67277.59,67495.13,67112.7,67304.28,395.06359
1780416000000,2026-06-02 12:00:00,67304.29,67969.68,67228.45,67928.45,464.09168
1780416900000,2026-06-02 12:15:00,67928.45,68146.3,67787.28,67863.72,526.28813
1780417800000,2026-06-02 12:30:00,67863.72,67868.75,67541.65,67631.67,478.10987
1780418700000,2026-06-02 12:45:00,67631.68,67833.96,67404.31,67413.44,321.43994
1780419600000,2026-06-02 13:00:00,67413.44,67626.0,67378.0,67507.19,223.35048
1780420500000,2026-06-02 13:15:00,67507.18,67806.0,67460.0,67740.01,201.86346
1780421400000,2026-06-02 13:30:00,67740.0,67837.53,67477.39,67496.25,181.04992
1780422300000,2026-06-02 13:45:00,67496.25,67524.0,67390.6,67492.34,299.62764
1780423200000,2026-06-02 14:00:00,67492.34,67661.7,67490.0,67600.01,239.65132
1780424100000,2026-06-02 14:15:00,67600.0,67616.0,67288.78,67301.56,250.76918
1780425000000,2026-06-02 14:30:00,67301.56,67363.38,67200.0,67300.0,207.30912
1780425900000,2026-06-02 14:45:00,67300.0,67358.88,67124.2,67341.99,228.41635
1780426800000,2026-06-02 15:00:00,67341.99,67424.3,67230.48,67344.89,288.03898
1780427700000,2026-06-02 15:15:00,67344.9,67372.93,66932.0,66978.2,582.21362
1780428600000,2026-06-02 15:30:00,66978.21,67018.0,66432.0,66925.61,1072.55342
1780429500000,2026-06-02 15:45:00,66925.61,67498.0,66874.14,67315.14,390.36519
1780430400000,2026-06-02 16:00:00,67315.14,67487.5,67091.79,67381.97,598.37662
1780431300000,2026-06-02 16:15:00,67381.98,67405.18,66911.2,66962.17,456.91305
1780432200000,2026-06-02 16:30:00,66962.18,67362.81,66949.9,67302.0,338.60697
1780433100000,2026-06-02 16:45:00,67301.99,67689.65,67301.99,67587.77,243.71942
1780434000000,2026-06-02 17:00:00,67587.78,67806.92,67412.0,67470.97,282.97718
1780434900000,2026-06-02 17:15:00,67470.96,67918.0,67470.96,67887.99,191.93226
1780435800000,2026-06-02 17:30:00,67887.99,67923.24,67712.0,67732.0,151.34079
1780436700000,2026-06-02 17:45:00,67732.0,67732.0,67511.0,67566.01,139.2891
1780437600000,2026-06-02 18:00:00,67566.01,67566.01,67212.97,67217.79,219.84964
1780438500000,2026-06-02 18:15:00,67217.8,67434.0,66933.33,67294.0,461.75103
1780439400000,2026-06-02 18:30:00,67294.01,67310.0,66804.0,66956.01,346.78277
1780440300000,2026-06-02 18:45:00,66956.0,66956.0,66244.02,66385.2,828.03323
1780441200000,2026-06-02 19:00:00,66385.2,66692.0,66201.77,66692.0,520.7609
1780442100000,2026-06-02 19:15:00,66692.0,66769.24,66193.0,66443.99,429.74757
1780443000000,2026-06-02 19:30:00,66443.99,66736.0,66252.0,66724.34,410.56324
1780443900000,2026-06-02 19:45:00,66724.33,66868.62,66674.01,66760.83,238.32133
1780444800000,2026-06-02 20:00:00,66760.84,66912.0,66654.0,66822.01,414.04185
1780445700000,2026-06-02 20:15:00,66822.01,67122.3,66770.01,66776.34,323.44718
1780446600000,2026-06-02 20:30:00,66776.35,67204.15,66705.35,67075.07,256.66771
1780447500000,2026-06-02 20:45:00,67075.07,67150.0,66938.0,66938.01,244.35131
1780448400000,2026-06-02 21:00:00,66938.01,66952.0,66672.58,66829.16,227.36409
1780449300000,2026-06-02 21:15:00,66829.16,67038.3,66814.0,67024.01,136.94151
1780450200000,2026-06-02 21:30:00,67024.01,67050.0,66472.65,66511.99,230.59448
1780451100000,2026-06-02 21:45:00,66511.98,67039.83,66504.04,66920.0,378.39941
1780452000000,2026-06-02 22:00:00,66920.0,66920.01,66723.06,66820.23,281.01002
1780452900000,2026-06-02 22:15:00,66820.23,66920.0,66638.0,66651.55,226.1049
1780453800000,2026-06-02 22:30:00,66651.56,66848.0,66605.85,66742.0,109.0196
1780454700000,2026-06-02 22:45:00,66742.0,66818.0,66586.17,66620.01,157.25335
1780455600000,2026-06-02 23:00:00,66620.0,66653.67,66400.0,66515.87,274.77962
1780456500000,2026-06-02 23:15:00,66515.87,66622.0,66090.1,66147.81,350.51142
1780457400000,2026-06-02 23:30:00,66147.81,66261.74,65737.61,65755.01,1095.27838
1780458300000,2026-06-02 23:45:00,65755.0,65978.0,65426.34,65849.9,1171.15682
1780459200000,2026-06-03 00:00:00,65849.9,66603.41,65834.0,66340.0,542.86988
1780460100000,2026-06-03 00:15:00,66339.99,66623.44,66324.91,66579.32,349.33068
1780461000000,2026-06-03 00:30:00,66579.32,66579.32,66311.28,66440.91,240.83235
1780461900000,2026-06-03 00:45:00,66440.91,66510.01,66278.23,66465.98,130.82503
1780462800000,2026-06-03 01:00:00,66465.99,67268.63,66465.99,67135.99,842.93104
1780463700000,2026-06-03 01:15:00,67135.99,67284.02,66980.65,67103.06,173.6049
1780464600000,2026-06-03 01:30:00,67103.07,67103.07,66775.0,67026.14,270.08667
1780465500000,2026-06-03 01:45:00,67026.14,67398.28,67024.6,67330.01,487.33568
1780466400000,2026-06-03 02:00:00,67330.0,67374.0,67109.06,67160.0,548.17753
1780467300000,2026-06-03 02:15:00,67160.0,67366.93,67150.0,67253.63,510.11889
1780468200000,2026-06-03 02:30:00,67253.64,67516.0,67179.47,67316.83,344.73386
1780469100000,2026-06-03 02:45:00,67316.83,67337.0,66962.95,66983.27,255.01928
1780470000000,2026-06-03 03:00:00,66983.27,67150.0,66872.01,67072.0,175.15181
1780470900000,2026-06-03 03:15:00,67072.0,67334.4,67028.0,67191.55,223.99719
1780471800000,2026-06-03 03:30:00,67191.54,67287.12,67078.91,67208.49,269.35563
1780472700000,2026-06-03 03:45:00,67208.5,67322.9,67188.01,67220.03,334.95843
1780473600000,2026-06-03 04:00:00,67220.03,67264.34,67066.55,67070.0,504.29252
1780474500000,2026-06-03 04:15:00,67069.99,67146.67,67006.06,67027.6,289.19502
1780475400000,2026-06-03 04:30:00,67027.61,67232.88,66974.0,67088.32,214.54617
1780476300000,2026-06-03 04:45:00,67088.33,67177.82,66978.0,67028.0,265.44014
1780477200000,2026-06-03 05:00:00,67028.01,67105.03,66942.0,66962.05,211.92074
1780478100000,2026-06-03 05:15:00,66962.05,66964.0,66808.27,66832.01,256.46714
1780479000000,2026-06-03 05:30:00,66832.01,66864.36,66728.19,66733.42,288.54047
1780479900000,2026-06-03 05:45:00,66733.42,67322.0,66656.48,67075.17,681.13322
1780480800000,2026-06-03 06:00:00,67075.18,67476.69,67068.51,67305.99,264.56742
1780481700000,2026-06-03 06:15:00,67305.98,67332.0,67192.88,67318.0,138.33325
1780482600000,2026-06-03 06:30:00,67318.0,67414.0,67202.54,67234.15,140.51809
1780483500000,2026-06-03 06:45:00,67234.15,67320.44,67182.72,67294.52,96.04383
1780484400000,2026-06-03 07:00:00,67294.51,67366.82,67203.18,67341.5,126.1962
1780485300000,2026-06-03 07:15:00,67341.5,67363.38,67292.94,67329.99,126.15983
1780486200000,2026-06-03 07:30:00,67330.0,67330.0,67111.0,67150.0,120.00968
1780487100000,2026-06-03 07:45:00,67150.01,67150.01,67056.58,67067.37,117.33262
1780488000000,2026-06-03 08:00:00,67067.37,67129.11,66886.87,66972.76,197.4324
1780488900000,2026-06-03 08:15:00,66972.75,67082.0,66782.65,67032.01,338.47753
1780489800000,2026-06-03 08:30:00,67032.02,67163.82,66840.0,66968.46,225.91624
1780490700000,2026-06-03 08:45:00,66968.46,67138.12,66925.37,67078.72,94.92349
1780491600000,2026-06-03 09:00:00,67078.72,67219.98,66984.0,67122.01,146.61695
1780492500000,2026-06-03 09:15:00,67122.01,67244.62,66834.05,66838.01,200.29218
1780493400000,2026-06-03 09:30:00,66838.01,67192.0,66717.82,66744.27,408.06509
1780494300000,2026-06-03 09:45:00,66744.26,67041.72,66635.0,66906.01,468.19825
1780495200000,2026-06-03 10:00:00,66906.0,66948.0,66739.56,66903.72,236.65348
1780496100000,2026-06-03 10:15:00,66903.72,66934.0,66643.96,66791.99,307.03926
1780497000000,2026-06-03 10:30:00,66792.0,66990.66,66707.21,66752.0,183.76913
1780497900000,2026-06-03 10:45:00,66751.99,66935.88,66744.0,66864.95,208.98192
1780498800000,2026-06-03 11:00:00,66864.95,66898.0,66500.0,66525.55,328.39785
1780499700000,2026-06-03 11:15:00,66525.55,66663.54,66256.52,66597.74,554.69138
1780500600000,2026-06-03 11:30:00,66597.74,66678.0,66226.82,66304.01,321.94341
1780501500000,2026-06-03 11:45:00,66304.01,66378.42,66076.0,66076.01,316.31657
1780502400000,2026-06-03 12:00:00,66076.01,66373.18,65872.5,66172.97,557.42629
1780503300000,2026-06-03 12:15:00,66172.97,66228.97,65555.0,65606.94,605.09551
1780504200000,2026-06-03 12:30:00,65606.94,65984.87,65586.44,65924.0,305.46982
1780505100000,2026-06-03 12:45:00,65924.0,66071.04,65822.4,66061.83,165.15115
1780506000000,2026-06-03 13:00:00,66061.83,66126.0,65704.8,65715.23,230.95126
1780506900000,2026-06-03 13:15:00,65715.23,65984.88,65715.23,65945.93,214.66283
1780507800000,2026-06-03 13:30:00,65945.93,66189.8,65851.81,66109.39,204.35102
1780508700000,2026-06-03 13:45:00,66109.38,66114.0,65806.0,65964.08,160.32854
1780509600000,2026-06-03 14:00:00,65964.08,66092.0,65860.73,65972.81,122.22772
1780510500000,2026-06-03 14:15:00,65972.8,65972.8,65744.01,65899.99,170.43061
1780511400000,2026-06-03 14:30:00,65900.0,66098.0,65784.07,66044.17,120.26948
1780512300000,2026-06-03 14:45:00,66044.16,66161.24,66018.0,66036.57,187.6644
1780513200000,2026-06-03 15:00:00,66036.56,66048.0,65902.0,65970.02,189.83627
1780514100000,2026-06-03 15:15:00,65970.02,66054.0,65600.0,65658.18,304.89018
1780515000000,2026-06-03 15:30:00,65658.01,65825.1,65624.89,65764.01,136.98568
1780515900000,2026-06-03 15:45:00,65764.0,65847.99,65251.0,65462.0,566.99755
1780516800000,2026-06-03 16:00:00,65461.99,65614.74,65252.0,65580.01,265.14635
1780517700000,2026-06-03 16:15:00,65580.0,65594.0,65283.69,65548.01,175.35685
1780518600000,2026-06-03 16:30:00,65548.01,65566.0,65179.99,65190.63,246.34485
1780519500000,2026-06-03 16:45:00,65190.63,65233.83,64766.0,65007.27,1205.20296
1780520400000,2026-06-03 17:00:00,65007.27,65579.58,64960.87,65413.39,289.64969
1780521300000,2026-06-03 17:15:00,65413.38,65592.11,65401.38,65522.01,152.2223
1780522200000,2026-06-03 17:30:00,65522.0,65720.01,65300.0,65518.0,412.91053
1780523100000,2026-06-03 17:45:00,65517.99,65860.0,65480.0,65768.88,399.3213
1780524000000,2026-06-03 18:00:00,65768.89,65841.23,65300.0,65328.0,288.34178
1780524900000,2026-06-03 18:15:00,65328.0,65328.0,65000.0,65168.01,225.8709
1780525800000,2026-06-03 18:30:00,65168.0,65257.33,64938.35,65065.99,207.1338
1780526700000,2026-06-03 18:45:00,65065.99,65094.0,64778.15,64912.98,253.17408
1780527600000,2026-06-03 19:00:00,64912.97,64979.99,64409.0,64604.63,802.38333
1780528500000,2026-06-03 19:15:00,64604.62,64650.46,64362.79,64505.4,256.39813
1780529400000,2026-06-03 19:30:00,64505.4,64633.5,64252.51,64260.0,423.55838
1780530300000,2026-06-03 19:45:00,64260.0,64346.54,64092.49,64142.75,337.89099
1780531200000,2026-06-03 20:00:00,64142.75,64428.0,64127.5,64316.53,365.24403
1780532100000,2026-06-03 20:15:00,64316.53,64387.44,63358.01,63358.01,1344.5459
1780533000000,2026-06-03 20:30:00,63358.01,63815.74,63070.0,63595.33,1179.7085
1780533900000,2026-06-03 20:45:00,63595.34,63601.41,63000.0,63344.97,623.29834
1780534800000,2026-06-03 21:00:00,63344.98,63500.0,63100.01,63124.0,667.28208
1780535700000,2026-06-03 21:15:00,63124.0,63134.0,62569.0,62699.99,1821.29829
1780536600000,2026-06-03 21:30:00,62700.0,63161.43,62697.37,62825.0,584.80889
1780537500000,2026-06-03 21:45:00,62825.0,62873.78,62100.01,62178.1,1685.65204
1780538400000,2026-06-03 22:00:00,62178.1,62491.24,61383.56,62402.13,2993.15998
1780539300000,2026-06-03 22:15:00,62402.14,63100.0,62150.0,62997.98,1255.17532
1780540200000,2026-06-03 22:30:00,62997.97,63499.41,62901.0,63410.0,1040.74183
1780541100000,2026-06-03 22:45:00,63410.0,63622.7,63155.7,63231.99,994.22113
1780542000000,2026-06-03 23:00:00,63232.0,64029.36,63218.48,63960.77,790.23925
1780542900000,2026-06-03 23:15:00,63960.77,64142.85,63884.35,63919.99,523.04127
1780543800000,2026-06-03 23:30:00,63920.0,64540.3,63903.98,64389.18,755.39221
1780544700000,2026-06-03 23:45:00,64389.17,64458.0,64254.98,64363.49,333.42501
1780545600000,2026-06-04 00:00:00,64363.49,64685.91,64338.0,64630.0,483.86756
1780546500000,2026-06-04 00:15:00,64630.0,64764.32,64504.0,64574.0,384.38254
1780547400000,2026-06-04 00:30:00,64574.01,64613.85,64265.73,64415.99,335.09792
1780548300000,2026-06-04 00:45:00,64415.99,64464.66,64309.06,64399.99,218.277
1780549200000,2026-06-04 01:00:00,64399.99,64400.0,63716.78,63958.0,401.05796
1780550100000,2026-06-04 01:15:00,63958.0,64017.51,63648.01,63842.13,375.09953
1780551000000,2026-06-04 01:30:00,63842.12,64337.85,63768.87,64282.0,299.91844
1780551900000,2026-06-04 01:45:00,64281.99,64282.0,63915.0,63955.47,196.77342
1780552800000,2026-06-04 02:00:00,63955.48,64260.0,63892.0,64260.0,160.09929
1780553700000,2026-06-04 02:15:00,64259.99,64481.22,64180.03,64255.99,233.83785
1780554600000,2026-06-04 02:30:00,64256.0,64438.0,64075.18,64336.0,210.92163
1780555500000,2026-06-04 02:45:00,64335.99,64335.99,63976.0,64027.99,197.4756
1780556400000,2026-06-04 03:00:00,64027.99,64062.81,63721.24,63811.2,227.38863
1780557300000,2026-06-04 03:15:00,63811.21,63829.98,63492.89,63696.01,451.05481
1780558200000,2026-06-04 03:30:00,63696.01,64048.0,63692.01,63930.55,467.32577
1780559100000,2026-06-04 03:45:00,63930.54,63952.0,63602.0,63603.15,358.10972
1780560000000,2026-06-04 04:00:00,63603.15,63904.63,63333.0,63360.0,345.21408
1780560900000,2026-06-04 04:15:00,63360.01,63593.0,63245.9,63484.0,573.73055
1780561800000,2026-06-04 04:30:00,63484.0,63682.0,63372.63,63417.62,431.26301
1780562700000,2026-06-04 04:45:00,63417.61,63755.95,63407.57,63629.99,220.02552
1780563600000,2026-06-04 05:00:00,63629.99,63644.0,63200.0,63337.74,290.95818
1780564500000,2026-06-04 05:15:00,63337.75,63337.75,62806.89,62863.99,672.40877
1780565400000,2026-06-04 05:30:00,62864.0,63000.0,62703.33,62899.44,940.47354
1780566300000,2026-06-04 05:45:00,62899.44,63272.01,62895.15,63266.0,425.48771
1780567200000,2026-06-04 06:00:00,63266.01,63276.0,62820.01,62872.58,489.02224
1780568100000,2026-06-04 06:15:00,62872.58,63006.0,62500.0,62501.51,461.65194
1780569000000,2026-06-04 06:30:00,62501.51,62792.0,62415.94,62723.46,590.53061
1780569900000,2026-06-04 06:45:00,62723.47,62800.53,62301.21,62420.0,1505.15198
1780570800000,2026-06-04 07:00:00,62420.01,62670.0,62223.0,62272.6,384.47151
1780571700000,2026-06-04 07:15:00,62272.61,62650.89,62238.0,62617.38,536.73889
1780572600000,2026-06-04 07:30:00,62617.37,62833.82,62205.0,62237.98,429.57244
1780573500000,2026-06-04 07:45:00,62237.99,62555.27,62237.98,62545.99,298.79021
1780574400000,2026-06-04 08:00:00,62546.0,62706.0,62392.0,62530.0,292.31121
1780575300000,2026-06-04 08:15:00,62530.0,63400.0,62525.74,63267.99,521.52263
1780576200000,2026-06-04 08:30:00,63267.99,63720.85,63148.8,63564.0,554.69033
1780577100000,2026-06-04 08:45:00,63564.0,63966.48,63506.0,63766.82,371.78982
1780578000000,2026-06-04 09:00:00,63766.82,63841.1,63546.0,63586.85,244.33909
1780578900000,2026-06-04 09:15:00,63586.85,63624.0,63068.41,63229.99,391.95529
1780579800000,2026-06-04 09:30:00,63230.0,64244.0,63194.22,63798.61,1012.74268
1780580700000,2026-06-04 09:45:00,63798.61,64230.0,63668.01,64230.0,438.66185
1780581600000,2026-06-04 10:00:00,64230.0,64494.92,63980.0,64365.73,559.55193
1780582500000,2026-06-04 10:15:00,64365.74,64411.2,64052.0,64144.0,283.32892
1780583400000,2026-06-04 10:30:00,64144.0,64148.0,63844.68,64000.91,243.89453
1780584300000,2026-06-04 10:45:00,64000.9,64078.0,63785.33,63958.97,227.99632
1780585200000,2026-06-04 11:00:00,63958.97,64370.0,63850.98,64365.52,356.01546
1780586100000,2026-06-04 11:15:00,64365.51,64404.0,63800.0,63982.45,252.87307
1780587000000,2026-06-04 11:30:00,63982.44,64085.56,63802.56,63842.53,247.23253
1780587900000,2026-06-04 11:45:00,63842.53,64000.0,63691.7,63896.17,187.08371
1780588800000,2026-06-04 12:00:00,63896.16,63920.0,63648.0,63660.0,178.28543
1780589700000,2026-06-04 12:15:00,63660.01,63878.0,63632.05,63646.01,155.76745
1780590600000,2026-06-04 12:30:00,63646.01,63862.0,63456.0,63780.08,233.59514
1780591500000,2026-06-04 12:45:00,63780.07,63920.0,63510.7,63563.51,210.93288
1780592400000,2026-06-04 13:00:00,63563.51,63722.0,63446.0,63591.99,200.19499
1780593300000,2026-06-04 13:15:00,63592.0,63592.0,63116.0,63224.0,220.18476
1780594200000,2026-06-04 13:30:00,63224.0,63306.0,62969.69,63041.23,258.52893
1780595100000,2026-06-04 13:45:00,63041.24,63650.0,62944.91,63540.97,369.17401
1780596000000,2026-06-04 14:00:00,63540.96,63578.99,63149.76,63158.01,208.44538
1780596900000,2026-06-04 14:15:00,63158.02,63932.52,63150.0,63896.27,331.89236
1780597800000,2026-06-04 14:30:00,63896.26,64110.28,63732.02,63924.93,461.17563
1780598700000,2026-06-04 14:45:00,63924.93,64100.0,63819.62,63819.62,196.5047
1780599600000,2026-06-04 15:00:00,63819.62,63889.74,63620.64,63886.33,177.3347
1780600500000,2026-06-04 15:15:00,63886.33,64163.93,63867.05,64128.0,197.53997
1780601400000,2026-06-04 15:30:00,64128.0,64144.0,63764.01,63786.01,150.32072
1780602300000,2026-06-04 15:45:00,63786.01,63786.01,63544.0,63629.38,173.84864
1780603200000,2026-06-04 16:00:00,63629.38,63636.0,63249.26,63505.31,184.38162
1780604100000,2026-06-04 16:15:00,63505.31,63538.0,63182.84,63341.0,277.55647
1780605000000,2026-06-04 16:30:00,63341.01,63653.2,63338.0,63560.93,165.49564
1780605900000,2026-06-04 16:45:00,63560.93,63648.0,63424.53,63638.4,126.21258
1780606800000,2026-06-04 17:00:00,63638.4,63876.0,63606.0,63804.82,301.72733
1780607700000,2026-06-04 17:15:00,63804.82,63817.72,63438.0,63495.63,296.7223
1780608600000,2026-06-04 17:30:00,63495.64,63516.93,63106.04,63496.0,263.5989
1780609500000,2026-06-04 17:45:00,63496.0,63530.71,63264.93,63286.21,120.32144
1780610400000,2026-06-04 18:00:00,63286.21,63496.0,63194.0,63292.0,296.25322
1780611300000,2026-06-04 18:15:00,63292.01,63445.28,63291.06,63352.14,125.9905
1780612200000,2026-06-04 18:30:00,63352.14,63592.28,63230.0,63504.15,231.6784
1780613100000,2026-06-04 18:45:00,63504.14,63772.0,63442.0,63735.43,162.62551
1780614000000,2026-06-04 19:00:00,63735.42,63852.0,63604.0,63604.01,118.44614
1780614900000,2026-06-04 19:15:00,63604.01,63620.0,63376.0,63461.99,186.26845
1780615800000,2026-06-04 19:30:00,63461.99,63796.0,63461.99,63762.33,123.53513
1780616700000,2026-06-04 19:45:00,63762.32,63918.0,63698.0,63885.99,133.2341
1780617600000,2026-06-04 20:00:00,63885.99,63885.99,63647.99,63662.77,180.44837
1780618500000,2026-06-04 20:15:00,63662.77,63909.97,63592.27,63909.52,180.65437
1780619400000,2026-06-04 20:30:00,63909.53,63978.0,63679.99,63697.94,240.22722
1780620300000,2026-06-04 20:45:00,63697.94,63797.71,63396.57,63426.72,198.22016
1780621200000,2026-06-04 21:00:00,63426.73,63426.73,63052.0,63361.92,322.65885
1780622100000,2026-06-04 21:15:00,63361.91,63424.62,63144.58,63343.99,212.91646
1780623000000,2026-06-04 21:30:00,63344.0,63566.0,63270.0,63440.0,164.52814
1780623900000,2026-06-04 21:45:00,63440.0,63446.0,63244.0,63374.67,274.0054
1780624800000,2026-06-04 22:00:00,63374.67,63436.0,63180.0,63180.0,144.85954
1780625700000,2026-06-04 22:15:00,63180.0,63270.0,62700.0,62705.48,523.53895
1780626600000,2026-06-04 22:30:00,62705.49,62954.0,62588.77,62742.01,278.81911
1780627500000,2026-06-04 22:45:00,62742.0,62861.95,62600.0,62617.72,220.48372
1780628400000,2026-06-04 23:00:00,62617.72,62656.79,62339.0,62379.62,629.82618
1780629300000,2026-06-04 23:15:00,62379.61,62820.0,62379.61,62599.18,235.21777
1780630200000,2026-06-04 23:30:00,62599.18,62888.0,62584.22,62665.41,185.77557
1780631100000,2026-06-04 23:45:00,62665.41,62861.64,62654.0,62730.0,170.81828
1780632000000,2026-06-05 00:00:00,62730.0,62980.0,62487.24,62861.3,236.01854
1780632900000,2026-06-05 00:15:00,62861.3,63240.48,62659.71,63240.32,326.46036
1780633800000,2026-06-05 00:30:00,63240.32,63240.32,62990.81,63025.12,180.98912
1780634700000,2026-06-05 00:45:00,63025.11,63646.0,62846.28,63615.23,390.02281
1780635600000,2026-06-05 01:00:00,63615.22,63688.0,63344.0,63384.33,308.88378
1780636500000,2026-06-05 01:15:00,63384.34,63561.2,63278.0,63510.02,241.61045
1780637400000,2026-06-05 01:30:00,63510.01,63562.45,62887.0,62893.14,357.01267
1780638300000,2026-06-05 01:45:00,62893.14,62970.0,62278.0,62329.35,595.80489
1780639200000,2026-06-05 02:00:00,62329.36,62634.53,62027.78,62082.93,1008.71482
1780640100000,2026-06-05 02:15:00,62082.94,62256.0,61126.01,61681.21,2401.37205
1780641000000,2026-06-05 02:30:00,61681.2,62192.0,61644.0,62146.11,1360.10425
1780641900000,2026-06-05 02:45:00,62146.11,62203.29,61784.0,61946.57,507.28637
1780642800000,2026-06-05 03:00:00,61946.57,61985.36,61378.38,61497.53,655.38273
1780643700000,2026-06-05 03:15:00,61497.52,62356.13,61491.74,62252.95,519.37806
1780644600000,2026-06-05 03:30:00,62252.94,62902.0,62190.0,62881.98,880.73123
1780645500000,2026-06-05 03:45:00,62881.98,63116.0,62753.53,63115.99,763.65141
1780646400000,2026-06-05 04:00:00,63115.99,63120.98,62704.0,62805.61,461.55033
1780647300000,2026-06-05 04:15:00,62805.61,62873.99,62584.58,62816.13,365.23266
1780648200000,2026-06-05 04:30:00,62816.28,62932.63,62516.09,62540.0,352.33438
1780649100000,2026-06-05 04:45:00,62540.01,62612.0,62288.88,62454.64,202.2183
1780650000000,2026-06-05 05:00:00,62454.64,63099.65,62442.0,63099.64,369.37978
1780650900000,2026-06-05 05:15:00,63099.65,63259.9,62901.1,63114.43,331.6759
1780651800000,2026-06-05 05:30:00,63114.43,63124.0,62775.0,62819.49,148.99875
1780652700000,2026-06-05 05:45:00,62819.49,62994.0,62804.0,62860.09,120.19867
1780653600000,2026-06-05 06:00:00,62860.09,62931.81,62652.0,62748.76,227.94236
1780654500000,2026-06-05 06:15:00,62748.77,62748.77,62501.76,62586.01,179.61229
1780655400000,2026-06-05 06:30:00,62586.01,62711.99,62375.0,62675.51,175.33941
1780656300000,2026-06-05 06:45:00,62675.51,62675.52,62453.0,62536.87,170.95127
1780657200000,2026-06-05 07:00:00,62536.87,62538.83,62255.28,62326.53,211.14631
1780658100000,2026-06-05 07:15:00,62326.53,62644.48,62246.0,62471.91,377.60629
1780659000000,2026-06-05 07:30:00,62473.18,62521.92,62114.4,62114.4,285.92705
1780659900000,2026-06-05 07:45:00,62114.41,62260.0,61964.98,61964.99,317.05031
1780660800000,2026-06-05 08:00:00,61964.99,62281.13,61647.06,62148.67,509.84306
1780661700000,2026-06-05 08:15:00,62148.68,62457.86,62148.67,62219.04,489.96243
1780662600000,2026-06-05 08:30:00,62220.48,62400.0,61620.47,61974.89,688.21763
1780663500000,2026-06-05 08:45:00,61974.89,62089.87,61863.82,61959.73,243.24
1780664400000,2026-06-05 09:00:00,61959.72,62172.0,61922.0,61985.0,631.09061
1780665300000,2026-06-05 09:15:00,61984.99,62315.99,61892.0,62116.0,372.51654
1780666200000,2026-06-05 09:30:00,62116.0,62326.0,61675.49,61846.0,864.67601
1780667100000,2026-06-05 09:45:00,61846.0,61877.99,60732.35,60732.36,1776.44575
1780668000000,2026-06-05 10:00:00,60732.36,61227.98,60461.88,60865.45,1984.5911
1780668900000,2026-06-05 10:15:00,60865.45,61061.28,60340.0,60394.6,985.08075
1780669800000,2026-06-05 10:30:00,60394.59,61195.99,60334.97,60845.87,1124.69233
1780670700000,2026-06-05 10:45:00,60845.87,61135.19,60624.0,60868.97,658.8952
1780671600000,2026-06-05 11:00:00,60868.98,61033.99,60532.86,60609.59,613.767
1780672500000,2026-06-05 11:15:00,60609.6,61126.0,60506.0,60790.36,672.4184
1780673400000,2026-06-05 11:30:00,60789.63,60852.9,60000.0,60370.0,2439.63321
1780674300000,2026-06-05 11:45:00,60370.0,60635.0,60192.01,60438.01,745.9434
1780675200000,2026-06-05 12:00:00,60438.0,61085.7,59786.0,60897.63,3100.08686
1780676100000,2026-06-05 12:15:00,60897.63,61547.24,60720.59,60926.89,1354.81026
1780677000000,2026-06-05 12:30:00,60926.89,61062.0,60710.01,60832.49,605.76813
1780677900000,2026-06-05 12:45:00,60832.49,61475.12,60806.74,61394.39,535.03763
1780678800000,2026-06-05 13:00:00,61394.38,61508.85,60930.8,61061.06,574.37985
1780679700000,2026-06-05 13:15:00,61061.07,61077.09,60660.0,60697.27,529.17825
1780680600000,2026-06-05 13:30:00,60697.27,61151.67,60688.0,60755.83,341.75999
1780681500000,2026-06-05 13:45:00,60755.82,60849.23,60664.01,60813.99,290.42472
1780682400000,2026-06-05 14:00:00,60814.0,60950.0,60612.0,60624.35,346.49111
1780683300000,2026-06-05 14:15:00,60624.36,60664.0,60108.03,60158.0,637.80097
1780684200000,2026-06-05 14:30:00,60158.01,60340.09,59668.0,59952.0,1044.24265
1780685100000,2026-06-05 14:45:00,59952.0,59972.0,59141.0,59395.99,1824.8427
1780686000000,2026-06-05 15:00:00,59396.0,59612.67,59145.0,59392.25,768.26267
1780686900000,2026-06-05 15:15:00,59392.0,59869.98,59130.91,59858.27,628.51981
1780687800000,2026-06-05 15:30:00,59858.28,59897.32,59485.45,59752.15,491.37367
1780688700000,2026-06-05 15:45:00,59752.14,60459.41,59744.0,60300.24,674.61304
1780689600000,2026-06-05 16:00:00,60300.24,60981.13,59940.01,60855.6,813.49999
1780690500000,2026-06-05 16:15:00,60855.6,61076.58,60713.57,60945.4,619.83455
1780691400000,2026-06-05 16:30:00,60945.4,61305.64,60894.01,61268.39,446.25732
1780692300000,2026-06-05 16:45:00,61268.39,61787.01,61210.57,61620.01,639.73435
1780693200000,2026-06-05 17:00:00,61620.01,61995.0,61568.0,61860.0,975.4799
1780694100000,2026-06-05 17:15:00,61859.99,62000.0,61567.56,61578.1,381.30928
1780695000000,2026-06-05 17:30:00,61578.01,61944.88,61444.2,61873.99,267.25153
1780695900000,2026-06-05 17:45:00,61873.99,61909.86,61629.95,61670.38,130.56054
1780696800000,2026-06-05 18:00:00,61670.38,61670.38,61207.82,61397.54,338.48859
1780697700000,2026-06-05 18:15:00,61397.53,61649.09,61296.35,61488.45,427.12901
1780698600000,2026-06-05 18:30:00,61488.45,61877.0,61406.28,61758.01,452.34891
1780699500000,2026-06-05 18:45:00,61758.0,61966.0,61551.18,61584.49,581.64377
1780700400000,2026-06-05 19:00:00,61584.49,61776.0,61308.0,61308.0,363.35007
1780701300000,2026-06-05 19:15:00,61308.01,61308.01,60825.75,60946.01,403.94201
1780702200000,2026-06-05 19:30:00,60946.01,60946.01,60518.0,60814.26,272.30611
1780703100000,2026-06-05 19:45:00,60814.26,61070.0,60700.0,61056.47,171.96072
1780704000000,2026-06-05 20:00:00,61056.47,61462.0,61045.01,61425.56,264.67721
1780704900000,2026-06-05 20:15:00,61425.56,61530.05,61151.4,61310.39,200.82904
1780705800000,2026-06-05 20:30:00,61310.39,61420.0,61180.23,61198.01,149.56529
1780706700000,2026-06-05 20:45:00,61198.0,61386.0,61184.0,61273.29,154.20905
1780707600000,2026-06-05 21:00:00,61273.29,61380.0,61112.0,61145.76,177.24116
1780708500000,2026-06-05 21:15:00,61145.76,61295.99,60976.0,61294.52,203.40789
1780709400000,2026-06-05 21:30:00,61294.52,61304.57,61018.0,61053.44,132.64531
1780710300000,2026-06-05 21:45:00,61053.43,61170.0,60954.36,61058.95,187.7831
1780711200000,2026-06-05 22:00:00,61058.95,61095.05,60868.0,60879.73,226.4554
1780712100000,2026-06-05 22:15:00,60879.73,60990.51,60678.0,60796.81,236.41872
1780713000000,2026-06-05 22:30:00,60796.81,61056.34,60775.08,60938.01,158.79064
1780713900000,2026-06-05 22:45:00,60938.0,61176.0,60866.0,60951.64,156.66528
1780714800000,2026-06-05 23:00:00,60951.63,60966.86,60794.12,60874.09,142.78279
1780715700000,2026-06-05 23:15:00,60874.09,60940.0,60715.51,60799.99,169.48741
1780716600000,2026-06-05 23:30:00,60799.99,60799.99,60520.0,60708.33,259.64543
1780717500000,2026-06-05 23:45:00,60708.33,60796.0,60618.0,60687.04,124.47542
1780718400000,2026-06-06 00:00:00,60687.05,60866.0,60087.2,60131.47,424.67566
1780719300000,2026-06-06 00:15:00,60131.48,60344.0,59845.52,59964.29,683.42304
1780720200000,2026-06-06 00:30:00,59964.29,60050.0,59500.0,59796.66,624.38316
1780721100000,2026-06-06 00:45:00,59796.01,60302.21,59708.15,60101.27,429.44849
1780722000000,2026-06-06 01:00:00,60101.28,60251.99,59621.22,59890.01,431.03513
1780722900000,2026-06-06 01:15:00,59890.01,61062.0,59870.0,60751.3,1084.22645
1780723800000,2026-06-06 01:30:00,60751.29,60967.2,60608.02,60824.38,355.59832
1780724700000,2026-06-06 01:45:00,60824.38,61051.9,60750.47,60942.38,270.37098
1780725600000,2026-06-06 02:00:00,60942.37,61276.95,60942.37,61152.06,714.7858
1780726500000,2026-06-06 02:15:00,61152.06,61245.05,60994.0,61024.6,730.45272
1780727400000,2026-06-06 02:30:00,61024.59,61181.72,60804.0,60804.0,454.50818
1780728300000,2026-06-06 02:45:00,60804.0,60964.0,60681.0,60786.96,195.35467
1780729200000,2026-06-06 03:00:00,60786.96,61137.75,60733.14,61093.0,259.27699
1780730100000,2026-06-06 03:15:00,61092.99,61229.17,60840.86,60889.97,181.2476
1780731000000,2026-06-06 03:30:00,60889.97,61096.0,60870.27,61049.19,110.32065
1780731900000,2026-06-06 03:45:00,61049.19,61105.0,60969.05,61004.95,113.46602
1780732800000,2026-06-06 04:00:00,61004.95,61166.0,60884.0,61144.52,162.15999
1780733700000,2026-06-06 04:15:00,61144.52,61451.76,61030.25,61402.0,234.80276
1780734600000,2026-06-06 04:30:00,61402.0,61500.0,61290.84,61364.26,201.42038
1780735500000,2026-06-06 04:45:00,61364.25,61475.12,61240.05,61264.0,126.31675
1780736400000,2026-06-06 05:00:00,61264.0,61315.42,61131.16,61228.01,111.17391
1780737300000,2026-06-06 05:15:00,61228.0,61322.0,61105.18,61313.37,150.90488
1780738200000,2026-06-06 05:30:00,61313.36,61313.36,61058.33,61102.98,170.66171
1780739100000,2026-06-06 05:45:00,61102.44,61116.0,60875.55,60981.24,147.31232
1780740000000,2026-06-06 06:00:00,60981.24,60981.24,60589.0,60620.83,383.12261
1780740900000,2026-06-06 06:15:00,60620.83,60751.91,60488.0,60527.28,333.41843
1780741800000,2026-06-06 06:30:00,60527.5,60540.71,60198.0,60420.79,512.64426
1780742700000,2026-06-06 06:45:00,60420.79,60613.07,60350.01,60593.0,175.57676
1780743600000,2026-06-06 07:00:00,60593.0,60800.41,60552.95,60646.0,251.52924
1780744500000,2026-06-06 07:15:00,60645.99,60859.98,60607.36,60809.59,179.12576
1780745400000,2026-06-06 07:30:00,60809.59,60870.32,60734.81,60830.53,128.23747
1780746300000,2026-06-06 07:45:00,60830.52,60968.0,60746.0,60802.91,205.15043
1780747200000,2026-06-06 08:00:00,60802.9,61100.0,60802.9,61049.18,218.64534
1780748100000,2026-06-06 08:15:00,61049.18,61100.0,60732.0,60737.04,167.01963
1780749000000,2026-06-06 08:30:00,60737.05,60866.0,60641.2,60830.33,125.9239
1780749900000,2026-06-06 08:45:00,60830.33,61185.26,60788.0,61030.63,158.27519
1780750800000,2026-06-06 09:00:00,61030.63,61100.0,60968.0,61009.47,91.23964
1780751700000,2026-06-06 09:15:00,61009.47,61049.94,60868.41,60878.23,95.99514
1780752600000,2026-06-06 09:30:00,60878.24,60899.59,60701.41,60899.59,250.65861
1780753500000,2026-06-06 09:45:00,60899.59,61046.0,60764.39,60801.2,127.52369
1780754400000,2026-06-06 10:00:00,60801.2,61000.0,60770.08,60902.72,116.86412
1780755300000,2026-06-06 10:15:00,60902.73,61016.0,60794.0,60888.0,97.19773
1780756200000,2026-06-06 10:30:00,60887.99,61001.98,60827.53,60956.01,65.94897
1780757100000,2026-06-06 10:45:00,60956.01,61004.0,60768.0,60791.05,129.84503
1780758000000,2026-06-06 11:00:00,60791.06,60876.0,60557.24,60616.34,212.06466
1780758900000,2026-06-06 11:15:00,60616.34,60687.43,60396.0,60673.84,213.41641
1780759800000,2026-06-06 11:30:00,60673.84,60915.41,60578.0,60861.54,136.59126
1780760700000,2026-06-06 11:45:00,60861.53,60929.2,60724.0,60784.0,84.28587
1780761600000,2026-06-06 12:00:00,60784.01,60971.24,60698.86,60784.72,132.96858
1780762500000,2026-06-06 12:15:00,60784.72,60818.0,60600.0,60624.08,133.73446
1780763400000,2026-06-06 12:30:00,60624.08,60770.0,60466.56,60767.99,139.16665
1780764300000,2026-06-06 12:45:00,60767.99,60864.0,60696.67,60774.0,118.13472
1780765200000,2026-06-06 13:00:00,60774.0,60844.0,60605.87,60722.59,165.09177
1780766100000,2026-06-06 13:15:00,60722.59,60770.0,60589.36,60680.0,135.15626
1780767000000,2026-06-06 13:30:00,60680.0,60804.0,60596.0,60710.0,142.61686
1780767900000,2026-06-06 13:45:00,60709.99,60740.25,60501.0,60576.2,156.98885
1780768800000,2026-06-06 14:00:00,60576.19,60622.0,60454.66,60486.18,408.5918
1780769700000,2026-06-06 14:15:00,60486.19,60754.74,60393.96,60702.98,432.92165
1780770600000,2026-06-06 14:30:00,60702.98,60702.98,60538.0,60606.0,60.42471
1780771500000,2026-06-06 14:45:00,60606.0,60680.0,60502.0,60637.21,73.06371
1780772400000,2026-06-06 15:00:00,60637.2,60786.0,60560.31,60728.01,132.78691
1780773300000,2026-06-06 15:15:00,60728.0,60733.92,60600.0,60611.06,86.27513
1780774200000,2026-06-06 15:30:00,60611.06,60642.68,60536.0,60622.0,81.5382
1780775100000,2026-06-06 15:45:00,60622.0,60682.0,60600.0,60600.01,47.5348
1780776000000,2026-06-06 16:00:00,60600.0,60634.0,60522.0,60576.01,74.26698
1780776900000,2026-06-06 16:15:00,60576.0,60647.64,60531.12,60594.0,63.35197
1780777800000,2026-06-06 16:30:00,60594.0,60754.87,60580.01,60734.36,106.04945
1780778700000,2026-06-06 16:45:00,60734.36,60756.0,60650.0,60711.69,84.34425
1780779600000,2026-06-06 17:00:00,60711.69,60899.65,60707.93,60860.0,71.89855
1780780500000,2026-06-06 17:15:00,60859.99,60944.0,60834.0,60890.94,90.97549
1780781400000,2026-06-06 17:30:00,60890.94,61000.0,60802.78,60821.15,91.02252
1780782300000,2026-06-06 17:45:00,60821.14,60868.26,60746.08,60751.21,57.43549
1780783200000,2026-06-06 18:00:00,60751.22,60818.0,60592.0,60631.15,136.19083
1780784100000,2026-06-06 18:15:00,60631.15,60767.82,60440.0,60460.62,106.36467
1780785000000,2026-06-06 18:30:00,60460.63,60601.99,60429.09,60585.93,63.32504
1780785900000,2026-06-06 18:45:00,60586.0,60715.73,60540.34,60543.53,68.2723
1780786800000,2026-06-06 19:00:00,60543.52,60763.27,60543.52,60710.0,138.59286
1780787700000,2026-06-06 19:15:00,60709.99,60748.75,60592.0,60713.58,160.4163
1780788600000,2026-06-06 19:30:00,60713.57,60922.38,60680.0,60856.01,75.79867
1780789500000,2026-06-06 19:45:00,60856.01,60942.75,60812.0,60884.62,187.58249
1780790400000,2026-06-06 20:00:00,60884.62,60933.29,60800.0,60811.46,88.9074
1780791300000,2026-06-06 20:15:00,60811.47,60886.0,60780.0,60843.03,202.71111
1780792200000,2026-06-06 20:30:00,60843.03,60987.99,60795.88,60798.24,239.30864
1780793100000,2026-06-06 20:45:00,60798.24,60812.52,60746.0,60782.01,149.52745
1780794000000,2026-06-06 21:00:00,60782.0,61400.0,60758.0,61316.0,381.76195
1780794900000,2026-06-06 21:15:00,61316.0,61664.13,61255.54,61638.78,445.58795
1780795800000,2026-06-06 21:30:00,61638.78,61648.6,61403.24,61455.01,218.72379
1780796700000,2026-06-06 21:45:00,61455.01,61595.0,61372.31,61479.75,239.49551
1780797600000,2026-06-06 22:00:00,61479.75,61552.0,61411.1,61411.11,116.07043
1780798500000,2026-06-06 22:15:00,61411.1,61427.49,61184.0,61254.83,143.67738
1780799400000,2026-06-06 22:30:00,61254.83,61320.3,61194.0,61320.3,105.51661
1780800300000,2026-06-06 22:45:00,61320.29,61568.0,61319.39,61506.74,158.10336
1780801200000,2026-06-06 23:00:00,61506.73,61530.48,61416.1,61530.48,133.33652
1780802100000,2026-06-06 23:15:00,61530.48,61778.33,61490.76,61664.2,170.45508
1780803000000,2026-06-06 23:30:00,61664.21,61684.5,61550.0,61663.85,95.76498
1780803900000,2026-06-06 23:45:00,61663.85,61732.0,61581.14,61701.07,70.24095
1780804800000,2026-06-07 00:00:00,61701.06,61709.89,61512.35,61552.0,89.35593
1780805700000,2026-06-07 00:15:00,61552.0,61631.73,61482.46,61554.96,100.62393
1780806600000,2026-06-07 00:30:00,61554.95,61838.07,61547.48,61741.19,106.80005
1780807500000,2026-06-07 00:45:00,61741.18,61907.07,61700.0,61890.92,189.49172
1780808400000,2026-06-07 01:00:00,61890.92,61973.27,61793.53,61884.01,162.74742
1780809300000,2026-06-07 01:15:00,61884.01,62159.0,61734.44,61740.49,363.06195
1780810200000,2026-06-07 01:30:00,61740.49,61872.0,61647.0,61872.0,255.7355
1780811100000,2026-06-07 01:45:00,61871.99,61872.0,61700.0,61748.1,358.11555
1780812000000,2026-06-07 02:00:00,61748.11,61762.45,61619.4,61678.01,131.88673
1780812900000,2026-06-07 02:15:00,61678.01,62016.56,61658.43,61970.18,464.45184
1780813800000,2026-06-07 02:30:00,61970.18,62272.0,61962.62,62192.69,686.67893
1780814700000,2026-06-07 02:45:00,62192.69,62233.83,62030.15,62101.0,466.1046
1780815600000,2026-06-07 03:00:00,62101.01,62268.88,61983.46,62131.32,352.85402
1780816500000,2026-06-07 03:15:00,62131.32,62244.95,62059.6,62231.99,404.32527
1780817400000,2026-06-07 03:30:00,62231.99,62267.94,62191.38,62234.19,364.46753
1780818300000,2026-06-07 03:45:00,62234.19,62416.26,62183.68,62404.73,406.50298
1780819200000,2026-06-07 04:00:00,62404.72,62444.15,62259.37,62383.58,314.51201
1780820100000,2026-06-07 04:15:00,62383.59,62582.13,62312.66,62536.59,213.25253
1780821000000,2026-06-07 04:30:00,62536.6,62666.0,62400.0,62550.0,658.25508
1780821900000,2026-06-07 04:45:00,62549.99,62960.0,62549.99,62855.01,819.82574
1780822800000,2026-06-07 05:00:00,62855.0,62900.0,62720.0,62827.59,340.03862
1780823700000,2026-06-07 05:15:00,62827.59,62882.09,62606.0,62685.47,315.33767
1780824600000,2026-06-07 05:30:00,62685.48,62690.0,62500.01,62539.99,212.84801
1780825500000,2026-06-07 05:45:00,62540.0,62636.02,62374.63,62530.0,380.5287
1780826400000,2026-06-07 06:00:00,62530.0,62565.97,62382.0,62408.72,171.77163
1780827300000,2026-06-07 06:15:00,62408.72,62570.31,62389.68,62510.96,199.17437
1780828200000,2026-06-07 06:30:00,62510.95,62559.99,62312.66,62362.0,165.24174
1780829100000,2026-06-07 06:45:00,62361.99,62462.0,62298.39,62370.52,137.97752
1780830000000,2026-06-07 07:00:00,62370.53,62520.0,62359.44,62460.01,145.77057
1780830900000,2026-06-07 07:15:00,62460.01,62555.54,62422.71,62531.71,86.48046
1780831800000,2026-06-07 07:30:00,62531.7,62680.0,62448.0,62680.0,100.20881
1780832700000,2026-06-07 07:45:00,62679.99,62754.45,62567.56,62621.96,461.83889
1780833600000,2026-06-07 08:00:00,62621.97,62643.97,62061.25,62085.16,397.61583
1780834500000,2026-06-07 08:15:00,62085.16,62232.82,61875.0,61935.92,753.49001
1780835400000,2026-06-07 08:30:00,61935.92,61952.06,61577.12,61648.65,613.58283
1780836300000,2026-06-07 08:45:00,61648.65,61998.59,61642.01,61900.67,192.37873
1780837200000,2026-06-07 09:00:00,61900.66,61907.64,61649.12,61775.43,478.95117
1780838100000,2026-06-07 09:15:00,61775.44,61853.75,61652.98,61848.45,219.44878
1780839000000,2026-06-07 09:30:00,61848.44,61906.34,61676.0,61739.53,212.90885
1780839900000,2026-06-07 09:45:00,61739.53,61818.0,61694.0,61700.13,234.88043
1780840800000,2026-06-07 10:00:00,61700.14,61824.89,61696.98,61793.43,132.24001
1780841700000,2026-06-07 10:15:00,61793.44,62159.65,61752.0,62081.99,361.57769
1780842600000,2026-06-07 10:30:00,62081.99,62312.67,61934.81,61996.49,279.5826
1780843500000,2026-06-07 10:45:00,61996.5,62001.34,61746.0,61905.49,150.14362
1780844400000,2026-06-07 11:00:00,61905.49,61905.49,61674.51,61838.47,156.81461
1780845300000,2026-06-07 11:15:00,61838.47,61972.0,61718.15,61963.2,116.22641
1780846200000,2026-06-07 11:30:00,61963.2,62157.29,61958.0,62110.8,140.00586
1780847100000,2026-06-07 11:45:00,62110.79,62219.92,61978.0,62093.99,114.29147
1780848000000,2026-06-07 12:00:00,62093.99,62188.86,61966.0,62158.0,106.18337
1780848900000,2026-06-07 12:15:00,62158.0,62332.0,62106.0,62179.15,135.9515
1780849800000,2026-06-07 12:30:00,62179.14,62287.51,62154.66,62159.99,77.2149
1780850700000,2026-06-07 12:45:00,62159.99,62239.99,61987.52,62083.64,163.61053
1780851600000,2026-06-07 13:00:00,62083.64,62324.88,62046.62,62287.44,162.43357
1780852500000,2026-06-07 13:15:00,62287.45,62330.0,62241.05,62251.35,166.14403
1780853400000,2026-06-07 13:30:00,62251.36,62320.52,62234.29,62273.65,123.87653
1780854300000,2026-06-07 13:45:00,62273.65,62273.65,62096.94,62160.01,121.52286
1780855200000,2026-06-07 14:00:00,62160.01,62296.0,62143.27,62282.2,124.79633
1780856100000,2026-06-07 14:15:00,62282.2,62282.2,62144.0,62227.82,43.94134
1780857000000,2026-06-07 14:30:00,62227.82,62292.0,62165.05,62205.84,112.32199
1780857900000,2026-06-07 14:45:00,62205.84,62237.76,62022.0,62030.14,92.55395
1780858800000,2026-06-07 15:00:00,62030.15,62036.78,61584.02,61657.61,272.97247
1780859700000,2026-06-07 15:15:00,61657.62,61657.62,61275.0,61482.97,383.93947
1780860600000,2026-06-07 15:30:00,61482.97,61496.0,61200.0,61218.01,180.56697
1780861500000,2026-06-07 15:45:00,61218.01,61466.0,61184.0,61328.0,209.17742
1780862400000,2026-06-07 16:00:00,61327.99,61712.0,61217.17,61580.18,269.49492
1780863300000,2026-06-07 16:15:00,61580.18,61882.0,61462.12,61745.41,129.22326
1780864200000,2026-06-07 16:30:00,61745.42,61828.0,61699.95,61783.18,80.44537
1780865100000,2026-06-07 16:45:00,61783.17,61962.47,61756.0,61878.01,89.94548
1780866000000,2026-06-07 17:00:00,61878.0,62017.71,61706.0,61954.49,104.12913
1780866900000,2026-06-07 17:15:00,61954.48,62004.0,61720.04,61781.85,78.38503
1780867800000,2026-06-07 17:30:00,61781.86,61846.0,61680.22,61710.0,111.42216
1780868700000,2026-06-07 17:45:00,61710.01,61788.0,61652.01,61778.41,80.25737
1780869600000,2026-06-07 18:00:00,61778.42,63737.99,61728.11,63586.98,1062.34071
1780870500000,2026-06-07 18:15:00,63586.98,64234.68,62882.29,62995.37,2546.84749
1780871400000,2026-06-07 18:30:00,62995.38,63399.97,62782.16,63161.57,982.06841
1780872300000,2026-06-07 18:45:00,63161.56,63308.0,62848.76,62865.87,301.49831
1780873200000,2026-06-07 19:00:00,62865.87,63060.96,62803.42,63012.72,260.90635
1780874100000,2026-06-07 19:15:00,63012.71,63272.5,62812.0,63260.14,238.77868
1780875000000,2026-06-07 19:30:00,63260.14,63327.66,63124.0,63297.33,165.75191
1780875900000,2026-06-07 19:45:00,63297.33,63444.11,63104.0,63332.01,493.80831
1780876800000,2026-06-07 20:00:00,63332.01,63344.0,63147.1,63242.84,188.88216
1780877700000,2026-06-07 20:15:00,63242.84,63521.02,63138.37,63504.0,230.62888
1780878600000,2026-06-07 20:30:00,63504.0,63863.06,63408.66,63719.01,647.39364
1780879500000,2026-06-07 20:45:00,63719.0,63788.0,63556.0,63631.42,188.71513
1780880400000,2026-06-07 21:00:00,63631.43,63643.99,63066.0,63066.01,303.49231
1780881300000,2026-06-07 21:15:00,63066.01,63172.0,62756.36,62827.73,446.08836
1780882200000,2026-06-07 21:30:00,62827.74,63122.0,62720.86,63114.0,230.38813
1780883100000,2026-06-07 21:45:00,63113.99,63244.56,62997.76,63211.41,149.13562
1780884000000,2026-06-07 22:00:00,63211.41,63260.0,63004.0,63128.01,92.28377
1780884900000,2026-06-07 22:15:00,63128.01,63220.0,62965.07,63107.17,120.80743
1780885800000,2026-06-07 22:30:00,63107.18,63190.0,62918.0,63069.17,157.04497
1780886700000,2026-06-07 22:45:00,63069.17,63139.03,62948.0,63129.93,132.74667
1780887600000,2026-06-07 23:00:00,63129.94,63458.0,62978.36,63284.01,133.6505
1780888500000,2026-06-07 23:15:00,63284.01,63357.99,63149.25,63151.99,111.72542
1780889400000,2026-06-07 23:30:00,63152.0,63234.01,63072.07,63147.99,118.22271
1780890300000,2026-06-07 23:45:00,63148.0,63180.0,63080.0,63130.12,64.2561
1780891200000,2026-06-08 00:00:00,63130.12,63171.1,62804.17,63004.0,173.12276
1780892100000,2026-06-08 00:15:00,63004.0,63047.23,62842.0,62939.81,101.90639
1780893000000,2026-06-08 00:30:00,62939.82,62986.0,62657.07,62704.0,151.20522
1780893900000,2026-06-08 00:45:00,62704.01,62900.64,62684.6,62684.61,127.40461
1780894800000,2026-06-08 01:00:00,62684.61,62825.27,62550.0,62575.46,153.58704
1780895700000,2026-06-08 01:15:00,62575.47,62748.84,62500.0,62722.0,191.37476
1780896600000,2026-06-08 01:30:00,62721.99,62735.07,62408.0,62478.63,141.74333
1780897500000,2026-06-08 01:45:00,62478.01,62782.55,62458.0,62764.0,187.4021
1780898400000,2026-06-08 02:00:00,62763.99,62972.94,62734.0,62947.38,178.7157
1780899300000,2026-06-08 02:15:00,62947.37,63144.0,62888.0,63076.01,226.27549
1780900200000,2026-06-08 02:30:00,63076.0,63099.57,62922.37,63036.0,159.35114
1780901100000,2026-06-08 02:45:00,63035.99,63046.08,62935.05,62988.03,65.18818
1780902000000,2026-06-08 03:00:00,62988.58,63204.27,62812.0,63084.57,245.67012
1780902900000,2026-06-08 03:15:00,63084.57,63273.01,62970.94,63189.25,347.61658
1780903800000,2026-06-08 03:30:00,63189.26,63276.0,63082.0,63114.27,161.92283
1780904700000,2026-06-08 03:45:00,63114.26,63350.0,63107.2,63283.99,221.69827
1780905600000,2026-06-08 04:00:00,63284.0,63284.0,63062.0,63190.74,182.69387
1780906500000,2026-06-08 04:15:00,63190.74,63220.0,62992.01,63103.99,128.92215
1780907400000,2026-06-08 04:30:00,63103.99,63196.0,63046.0,63166.0,88.57041
1780908300000,2026-06-08 04:45:00,63166.0,63184.0,63029.05,63132.83,90.56414
1780909200000,2026-06-08 05:00:00,63132.84,63339.51,63128.47,63337.2,152.57299
1780910100000,2026-06-08 05:15:00,63337.19,63577.86,63294.01,63388.55,222.60256
1780911000000,2026-06-08 05:30:00,63388.55,63412.74,63170.0,63363.13,161.85441
1780911900000,2026-06-08 05:45:00,63363.14,63504.81,63333.34,63502.0,169.9023
1780912800000,2026-06-08 06:00:00,63501.99,63568.19,63366.87,63387.99,292.21189
1780913700000,2026-06-08 06:15:00,63387.98,63387.99,63109.33,63152.0,145.01209
1780914600000,2026-06-08 06:30:00,63152.0,63426.0,63138.0,63218.01,174.39013
1780915500000,2026-06-08 06:45:00,63218.01,63234.0,63096.88,63172.3,371.05879
1780916400000,2026-06-08 07:00:00,63172.3,63454.54,63058.0,63445.99,249.7342
1780917300000,2026-06-08 07:15:00,63446.0,63670.0,63370.7,63616.37,228.67974
1780918200000,2026-06-08 07:30:00,63616.37,63873.08,63541.94,63632.9,602.07879
1780919100000,2026-06-08 07:45:00,63632.89,63663.99,63421.04,63479.61,491.626
1780920000000,2026-06-08 08:00:00,63479.62,63656.0,62718.3,62720.81,1067.19657
1780920900000,2026-06-08 08:15:00,62720.81,63104.0,62720.8,63103.99,336.38363
1780921800000,2026-06-08 08:30:00,63103.99,63666.66,63103.99,63638.73,416.25145
1780922700000,2026-06-08 08:45:00,63638.73,63933.18,63526.0,63872.0,769.2613
1780923600000,2026-06-08 09:00:00,63872.0,63943.56,63717.94,63780.65,233.8191
1780924500000,2026-06-08 09:15:00,63780.64,63920.0,63576.0,63593.01,390.47406
1780925400000,2026-06-08 09:30:00,63593.01,63762.67,63362.1,63486.0,403.57816
1780926300000,2026-06-08 09:45:00,63486.0,63874.0,63420.01,63758.0,276.70592
1780927200000,2026-06-08 10:00:00,63758.0,63910.04,63560.68,63874.0,251.15416
1780928100000,2026-06-08 10:15:00,63874.0,63887.45,63605.63,63756.37,506.67888
1780929000000,2026-06-08 10:30:00,63756.37,63940.4,63756.37,63905.73,394.02689
1780929900000,2026-06-08 10:45:00,63905.73,64077.57,63828.0,63964.08,785.98625
1780930800000,2026-06-08 11:00:00,63964.07,64198.0,63884.01,64184.0,694.88492
1780931700000,2026-06-08 11:15:00,64183.99,64200.0,63937.53,64000.01,675.81084
1780932600000,2026-06-08 11:30:00,64000.01,64006.0,63800.75,63866.0,637.70286
1780933500000,2026-06-08 11:45:00,63865.99,64028.0,63711.0,63774.48,286.89234
1780934400000,2026-06-08 12:00:00,63774.48,63938.0,63668.51,63800.01,196.04296
1780935300000,2026-06-08 12:15:00,63800.01,64046.86,63800.0,63874.01,258.2702
1780936200000,2026-06-08 12:30:00,63874.01,63878.0,63583.28,63677.99,196.84542
1780937100000,2026-06-08 12:45:00,63678.0,63692.0,63472.0,63532.01,222.77764
1780938000000,2026-06-08 13:00:00,63532.01,63581.77,63301.77,63356.05,294.63965
1780938900000,2026-06-08 13:15:00,63356.05,63646.0,63356.05,63626.0,141.93923
1780939800000,2026-06-08 13:30:00,63625.99,63626.0,63268.01,63380.55,514.01381
1780940700000,2026-06-08 13:45:00,63380.56,63550.0,63380.17,63550.0,94.16795
1780941600000,2026-06-08 14:00:00,63549.99,63636.12,63517.59,63588.65,126.14054
1780942500000,2026-06-08 14:15:00,63588.65,63657.02,63532.47,63640.03,89.18504
1780943400000,2026-06-08 14:30:00,63640.03,63690.0,63433.5,63500.01,99.74548
1780944300000,2026-06-08 14:45:00,63500.01,63516.0,63339.98,63466.83,99.70049
1780945200000,2026-06-08 15:00:00,63466.83,63556.0,63382.0,63428.0,79.21932
1780946100000,2026-06-08 15:15:00,63428.01,63568.0,63368.0,63526.0,85.86088
1780947000000,2026-06-08 15:30:00,63526.0,63596.0,63436.0,63488.0,93.6709
1780947900000,2026-06-08 15:45:00,63488.01,63556.45,63356.0,63372.01,120.92177
1780948800000,2026-06-08 16:00:00,63372.01,63432.84,63210.0,63250.0,114.40373
1780949700000,2026-06-08 16:15:00,63250.0,63312.0,63160.31,63170.9,355.50235
1780950600000,2026-06-08 16:30:00,63170.89,63411.98,63166.98,63388.0,246.59226
1780951500000,2026-06-08 16:45:00,63388.0,63485.49,63368.11,63485.49,77.45775
1780952400000,2026-06-08 17:00:00,63485.49,63792.92,63483.41,63730.84,130.28663
1780953300000,2026-06-08 17:15:00,63730.83,63770.0,63622.0,63714.75,78.49562
1780954200000,2026-06-08 17:30:00,63714.76,63850.0,63633.46,63837.99,81.80472
1780955100000,2026-06-08 17:45:00,63838.0,63838.0,63728.96,63728.96,122.60842
1780956000000,2026-06-08 18:00:00,63728.96,63728.96,63294.0,63294.01,216.12069
1780956900000,2026-06-08 18:15:00,63294.01,63449.33,63210.0,63364.83,141.95167
1780957800000,2026-06-08 18:30:00,63364.83,63387.48,63246.0,63306.01,126.91508
1780958700000,2026-06-08 18:45:00,63306.01,63456.0,63236.22,63440.01,86.06159
1780959600000,2026-06-08 19:00:00,63440.0,63587.81,63406.0,63587.81,59.31842
1780960500000,2026-06-08 19:15:00,63587.81,63594.0,63078.0,63152.01,159.81943
1780961400000,2026-06-08 19:30:00,63152.01,63196.0,63013.5,63134.0,115.36294
1780962300000,2026-06-08 19:45:00,63134.0,63134.0,62978.66,63085.99,198.61555
1780963200000,2026-06-08 20:00:00,63086.0,63148.38,63000.0,63004.7,108.05721
1780964100000,2026-06-08 20:15:00,63004.71,63184.0,62457.0,62728.0,935.67989
1780965000000,2026-06-08 20:30:00,62728.0,62775.3,62561.22,62714.0,389.49671
1780965900000,2026-06-08 20:45:00,62714.01,62714.01,62423.07,62562.0,435.20003
1780966800000,2026-06-08 21:00:00,62562.0,62720.17,62546.62,62666.0,228.06842
1780967700000,2026-06-08 21:15:00,62666.0,62865.17,62622.0,62778.0,251.10226
1780968600000,2026-06-08 21:30:00,62778.0,62879.1,62702.0,62779.99,150.28343
